{"bookmarks":[{"pageid":12,"title":"系动词","x":8.800000209808355,"y":51.40000122547153}]}